{"cameraMode":{"drawMode":0,"name":"Shaded","section":"Shading Mode"},"sceneLighting":true,"audioPlay":false,"sceneViewState":{"m_AlwaysRefresh":false,"showFog":true,"showSkybox":true,"showFlares":true,"showImageEffects":true,"showParticleSystems":true,"showVisualEffectGraphs":true,"m_FxEnabled":true},"in2DMode":false,"pivot":{"x":3.7605838775634767,"y":-2.7045211791992189,"z":18.20032501220703},"rotation":{"x":0.33450669050216677,"y":-0.21092502772808076,"z":0.0770895779132843,"w":0.915253758430481},"size":15.508651733398438,"orthographic":false}